{
  "config": {
    "configFile": "C:\\Users\\mudh\\Documents\\Automata\\playwright.config.js",
    "rootDir": "C:/Users/mudh/Documents/Automata",
    "forbidOnly": false,
    "fullyParallel": false,
    "globalSetup": null,
    "globalTeardown": null,
    "globalTimeout": 0,
    "grep": {},
    "grepInvert": null,
    "maxFailures": 0,
    "metadata": {},
    "preserveOutput": "always",
    "reporter": [
      [
        "list",
        null
      ],
      [
        "json",
        {
          "outputFile": "ztests_result/results.json"
        }
      ]
    ],
    "reportSlowTests": {
      "max": 5,
      "threshold": 300000
    },
    "quiet": false,
    "projects": [
      {
        "outputDir": "C:/Users/mudh/Documents/Automata/tests_result",
        "repeatEach": 1,
        "retries": 0,
        "metadata": {},
        "id": "default",
        "name": "default",
        "testDir": "C:/Users/mudh/Documents/Automata",
        "testIgnore": [],
        "testMatch": [
          "**/*.test.js"
        ],
        "timeout": 30000
      }
    ],
    "shard": null,
    "updateSnapshots": "missing",
    "updateSourceMethod": "patch",
    "version": "1.54.1",
    "workers": 8,
    "webServer": null
  },
  "suites": [],
  "errors": [
    {
      "message": "TypeError: Cannot redefine property: Symbol($$jest-matchers-object)",
      "stack": "TypeError: Cannot redefine property: Symbol($$jest-matchers-object)\n    at C:\\Users\\mudh\\Documents\\Automata\\node_modules\\@vitest\\expect\\dist\\index.js:667:9"
    }
  ],
  "stats": {
    "startTime": "2025-08-13T17:39:42.326Z",
    "duration": 190.42100000000005,
    "expected": 0,
    "skipped": 0,
    "unexpected": 0,
    "flaky": 0
  }
}